FILE,SIZE,GStime,GBtime,STtime,NMS,DTtime,Hystime,TOTAL,RESULT
360floralflaves-uLS5dH7thaI-unsplash(1).jpg,769145,5205,157,169,108,59,55,5753
360floralflaves-uLS5dH7thaI-unsplash(2).jpg,3737051,4739,595,673,400,196,195,6798
360floralflaves-uLS5dH7thaI-unsplash.jpg,98448,2625,41,46,29,27,27,2795
ACD24-0161-064~orig.jpg,11510581,2955,422,464,289,144,148,4422
a-chosen-soul-radulW4SHhA-unsplash(1).jpg,215901,2153,68,73,43,33,33,2403
a-chosen-soul-radulW4SHhA-unsplash(2).jpg,295838,3090,80,90,63,39,37,3399
a-chosen-soul-radulW4SHhA-unsplash(3).jpg,4263924,3143,947,1046,649,306,300,6391
a-chosen-soul-radulW4SHhA-unsplash.jpg,46099,3983,30,35,24,20,24,4116
behnam-norouzi-I5eKsDa8iwY-unsplash.jpg,122422,2496,34,39,26,23,27,2645
benjamin-chambon-0vnmC_UWuMg-unsplash.jpg,776405,4028,118,122,91,49,45,4453
benjamin-chambon-SRXkNrlTalM-unsplash.jpg,1185847,2421,146,147,101,59,61,2935
bernard-hermant-nHRXNv2qeDE-unsplash(1).jpg,2035689,3871,145,145,101,58,72,4392
bernard-hermant-nHRXNv2qeDE-unsplash(2).jpg,3100276,2395,200,208,142,81,96,3122
bernard-hermant-nHRXNv2qeDE-unsplash(3).jpg,293714,3130,40,43,29,24,29,3295
bernard-hermant-nHRXNv2qeDE-unsplash.jpg,8668552,2315,473,490,330,167,220,3995
christoph-nolte-_6sc3AzkEyA-unsplash(1).jpg,307132,3258,116,125,85,47,44,3675
christoph-nolte-_6sc3AzkEyA-unsplash(2).jpg,498875,2778,146,167,115,61,56,3323
christoph-nolte-_6sc3AzkEyA-unsplash(3).jpg,1174071,3791,298,342,212,128,110,4881
christoph-nolte-_6sc3AzkEyA-unsplash.jpg,42775,1948,35,40,26,56,26,2131
christopher-stites-9RUeWUWUSII-unsplash(1).jpg,1710303,3119,115,115,85,47,54,3535
christopher-stites-9RUeWUWUSII-unsplash(2).jpg,2484014,2771,196,205,140,77,89,3478
christopher-stites-9RUeWUWUSII-unsplash(3).jpg,3920328,3681,295,307,193,107,134,4717
christopher-stites-9RUeWUWUSII-unsplash.jpg,216569,2608,40,45,30,25,30,2778
circle.png,6499,3435,26,32,22,20,24,3559
eric-barbeau-RyRuudzKonE-unsplash.jpg,8843623,2804,436,470,325,157,172,4364
europeana-oYohiSeMhQ4-unsplash(1).jpg,946212,3547,71,73,50,32,36,3809
europeana-oYohiSeMhQ4-unsplash(2).jpg,107782,1959,32,36,27,21,25,2100
europeana-oYohiSeMhQ4-unsplash.jpg,2483273,3655,125,131,96,56,50,4113
filip-kvasnak-O67hc8Ws_xo-unsplash(1).jpg,1036128,2205,121,128,93,50,50,2647
filip-kvasnak-O67hc8Ws_xo-unsplash(2).jpg,1576932,3822,164,180,127,69,62,4424
filip-kvasnak-O67hc8Ws_xo-unsplash(3).jpg,3061985,2234,408,447,274,139,140,3642
filip-kvasnak-O67hc8Ws_xo-unsplash.jpg,113605,3982,42,49,31,25,30,4159
galactic-night-sky-astronomy-science-combined-generative-ai.jpg,5466922,2710,344,389,245,129,127,3944
galaxy-nature-aesthetic-background-starry-sky-mountain-remixed-media.jpg,17420049,3557,337,331,235,118,125,4703
henry-chen-C9ZwRUAPaIQ-unsplash(1).jpg,1026100,2288,132,141,95,53,48,2757
henry-chen-C9ZwRUAPaIQ-unsplash(2).jpg,1485581,3554,180,204,134,74,65,4211
henry-chen-C9ZwRUAPaIQ-unsplash(3).jpg,4232197,3203,572,652,408,200,201,5236
henry-chen-C9ZwRUAPaIQ-unsplash.jpg,143385,2839,38,44,27,26,25,2999
imad-786-bS86J4xzmbM-unsplash(1).jpg,689817,2790,145,163,112,61,54,3325
imad-786-bS86J4xzmbM-unsplash(2).jpg,463930,3319,108,114,82,45,41,3709
imad-786-bS86J4xzmbM-unsplash(3).jpg,1586997,2478,385,435,265,134,133,3830
imad-786-bS86J4xzmbM-unsplash.jpg,76006,3140,36,42,26,23,33,3300
image_10_1772x4317.jpg,664877,2536,160,172,122,67,60,3117
image_11_4655x1401.jpg,679113,3198,140,152,104,61,55,3710
image_12_4277x1506.jpg,434775,2101,139,157,103,58,54,2612
image_13_633x2563.jpg,186117,3506,56,60,36,28,31,3717
image_14_3221x373.jpg,37064,2525,47,55,33,27,27,2714
image_15_1821x1543.jpg,192794,3281,75,82,54,37,32,3561
image_16_1922x3627.jpg,511471,2952,155,168,120,75,61,3531
image_17_585x2590.jpg,119544,3473,49,55,34,28,26,3665
image_18_575x1328.jpg,55982,2681,49,53,34,27,31,2875
image_19_2635x4649.jpg,972988,3255,255,278,178,95,101,4162
image_1_394x2626.jpg,162212,2567,46,50,32,26,28,2749
image_20_944x452.jpg,58617,3539,34,39,28,23,26,3689
image_21_3762x2135.jpg,1103840,2178,159,172,122,66,59,2756
image_22_4269x338.jpg,190364,4004,51,56,37,25,30,4203
image_23_863x1489.jpg,147790,2533,45,51,32,24,27,2712
image_24_840x1058.jpg,69874,3735,39,68,29,26,23,3920
image_25_1843x173.jpg,59114,2227,30,35,25,20,23,2360
image_26_1490x1992.jpg,283333,3942,71,78,55,33,34,4213
image_27_2697x3028.jpg,432890,2360,171,181,124,68,61,2965
image_28_1007x4084.jpg,451808,3616,97,104,77,42,43,3979
image_29_3767x160.jpg,107349,2591,37,42,28,25,24,2747
image_2_4984x2676.jpg,2152738,3627,253,256,178,96,99,4509
image_30_2168x2970.jpg,290786,2913,137,149,102,55,52,3408
image_31_2023x1147.jpg,509191,3603,66,70,45,32,32,3848
image_32_2707x332.jpg,225588,2356,43,46,30,24,29,2528
image_33_247x4382.jpg,73224,3443,46,52,32,25,34,3632
image_34_2884x2938.jpg,842533,2771,167,180,127,69,59,3373
image_35_1483x4481.jpg,807599,3341,136,148,103,60,51,3839
image_36_1830x4425.jpg,558451,2512,173,188,126,71,62,3132
image_37_4783x1353.jpg,349942,3231,144,159,106,61,55,3756
image_38_1958x919.jpg,157359,2585,58,63,40,27,30,2803
image_39_2652x717.jpg,230112,3611,55,62,38,30,28,3824
image_3_3644x4973.jpg,1437710,2633,308,330,231,117,122,3741
image_40_212x3308.jpg,29312,3597,37,42,29,24,25,3754
image_41_4808x542.jpg,612839,2352,60,64,45,32,34,2587
image_42_1959x157.jpg,22347,3441,29,34,22,19,23,3568
image_43_2536x169.jpg,93571,2878,30,36,24,22,22,3012
image_44_1996x619.jpg,207782,2697,42,48,29,23,27,2866
image_45_2251x3866.jpg,962158,2732,185,196,135,75,66,3389
image_4_2314x2375.jpg,628029,2992,127,133,93,53,53,3451
image_50_1140x3923.jpg,90160,2127,107,119,83,45,43,2524
image_51_2730x4330.jpg,697803,3362,209,231,162,82,76,4122
image_52_653x4327.jpg,122807,2298,71,80,52,33,33,2567
image_53_166x1639.jpg,65791,2862,30,35,24,20,25,2996
image_54_2489x1402.jpg,673547,2208,85,91,66,40,39,2529
image_55_2737x117.jpg,33532,3227,32,38,26,21,25,3369
image_56_825x1244.jpg,94716,2755,41,46,30,23,26,2921
image_57_3765x1755.jpg,584029,3190,121,129,96,55,49,3640
image_58_4915x3663.jpg,2454092,2657,423,450,281,145,155,4111
image_59_592x2330.jpg,38087,3314,59,66,38,33,29,3539
image_5_3549x4062.jpg,431947,2330,286,323,200,105,101,3345
image_60_1433x357.jpg,46598,3195,36,41,27,25,26,3350
image_61_3888x3016.jpg,1580691,2200,238,253,165,92,96,3044
image_62_454x2848.jpg,51968,3271,50,55,34,26,29,3465
image_63_2812x4309.jpg,1510882,2919,245,247,175,90,98,3774
image_64_4492x1234.jpg,450464,3171,127,137,95,52,48,3630
image_65_567x293.jpg,19536,2639,30,34,23,23,24,2773
image_66_2028x2864.jpg,567274,3215,121,132,95,52,48,3663
image_67_2166x2994.jpg,657770,2118,163,169,116,63,66,2695
image_6_4928x819.jpg,541602,4301,99,105,78,43,43,4669
image_7_405x2174.jpg,77026,2753,44,48,31,24,27,2927
image_8_4780x413.jpg,236004,3235,58,64,38,30,30,3455
image_9_3014x169.jpg,13566,2445,34,40,25,24,22,2590
iss072e940709~orig.jpg,13151989,3714,742,795,557,261,253,6322
josh-hild-16ZUFFYQdbo-unsplash(1).jpg,415766,2117,84,89,56,37,39,2422
josh-hild-16ZUFFYQdbo-unsplash(2).jpg,2236466,3290,245,267,169,92,88,4151
josh-hild-16ZUFFYQdbo-unsplash.jpg,77656,2701,33,36,25,23,23,2841
josh-hild-TBd0-kgIaC8-unsplash(1).jpg,116300,3419,36,41,26,22,26,3570
josh-hild-TBd0-kgIaC8-unsplash(2).jpg,1377807,3214,224,242,151,81,79,3991
josh-hild-TBd0-kgIaC8-unsplash(3).jpg,1677413,3248,253,281,172,92,91,4137
josh-hild-TBd0-kgIaC8-unsplash.jpg,899957,2277,128,136,92,54,47,2734
jsc2025e036488~orig.jpg,3612668,4077,715,756,479,236,240,6503
lawrence-krowdeed-ezyImh0IxOU-unsplash(1).jpg,1131045,2433,123,133,92,50,44,2875
lawrence-krowdeed-ezyImh0IxOU-unsplash(2).jpg,1952779,2904,168,189,129,70,62,3522
lawrence-krowdeed-ezyImh0IxOU-unsplash(3).jpg,3856758,2390,336,358,228,117,109,3538
lawrence-krowdeed-ezyImh0IxOU-unsplash.jpg,67339,2670,41,48,30,27,27,2843
mathieu-bigard-U1o2u8UrHLc-unsplash(1).jpg,56853,2865,32,36,26,24,23,3006
mathieu-bigard-U1o2u8UrHLc-unsplash(2).jpg,388593,2014,70,76,47,32,33,2272
mathieu-bigard-U1o2u8UrHLc-unsplash(3).jpg,572101,3070,112,125,82,47,45,3481
mathieu-bigard-U1o2u8UrHLc-unsplash.jpg,2927211,2616,794,863,539,277,258,5347
peter-thomas-sK8GwN8KyRk-unsplash(1).jpg,484431,2866,133,146,95,53,48,3341
peter-thomas-sK8GwN8KyRk-unsplash(2).jpg,797200,2486,170,198,130,72,61,3117
peter-thomas-sK8GwN8KyRk-unsplash(3).jpg,1028338,3965,225,260,173,92,92,4807
peter-thomas-sK8GwN8KyRk-unsplash.jpg,49118,2212,38,41,26,23,26,2366
